INSERT INTO Roles (role_name) VALUES
('Директор'), ('Библиотекарь'), ('Читатель'), ('Финансовый работник');

-- Заполнение таблицы Customers
INSERT INTO Customers (last_name, first_name, middle_name, phone, email, password_hash, dateRegistration) VALUES
('Иванов', 'Иван', 'Иванович', '+79001234567', 'ivanov@example.com', 'hash123abc', '2025-03-01'),
('Петров', 'Петр', 'Петрович', '+79001234568', 'petrov@example.com', 'hash456def', '2025-03-02'),
('Сидоров', 'Сидор', 'Сидорович', '+79001234569', 'sidorov@example.com', 'hash789ghi', '2025-03-03'),
('Кузнецов', 'Алексей', 'Алексеевич', '+79001234570', 'kuznetsov@example.com', 'hash101jkl', '2025-03-04'),
('Михайлов', 'Дмитрий', 'Дмитриевич', '+79001234571', 'mikhailov@example.com', 'hash202mno', '2025-03-05'),
('Федоров', 'Сергей', 'Сергеевич', '+79001234572', 'fedorov@example.com', 'hash303pqr', '2025-03-06'),
('Васильев', 'Андрей', 'Андреевич', '+79001234573', 'vasilev@example.com', 'hash404stu', '2025-03-07'),
('Попов', 'Максим', 'Максимович', '+79001234574', 'popov@example.com', 'hash505vwx', '2025-03-08'),
('Соколов', 'Никита', 'Никитич', '+79001234575', 'sokolov@example.com', 'hash606yz', '2025-03-09'),
('Морозов', 'Егор', 'Егорович', '+79001234576', 'morozov@example.com', 'hash707abc', '2025-03-10');

-- Заполнение таблицы OrderStatuses
INSERT INTO Order_Statuses (status_name, description) VALUES
('Новый', 'Заказ только что создан'),
('В процессе', 'Заказ готовится'),
('Готов', 'Заказ готов к выдаче'),
('Выдан', 'Заказ выдан клиенту'),
('Отменен', 'Заказ отменен клиентом');

INSERT INTO Categories (category_name) VALUES
('Роман'),
('Фэнтези'),
('Антиутопия'),
('Приключения'),
('Сказка'),
('Магический реализм'),
('Научная литература'),
('История'),
('Детектив'),
('Поэзия');;

-- Заполнение таблицы Products
INSERT INTO Products (name, description, category_id, unit_price, rental_price, stock_quantity, image_path) VALUES
('Война и мир', 'Лев Толстой', 1, 500.00, 50.00,  3, 'voina_i_mir.jpg'),
('Преступление и наказание', 'Фёдор Достоевский', 1, 400.00, 40.00, 5, 'prest_i_nakaz.jpg'),
('Убить пересмешника', 'Харпер Ли', 1, 400.00, 40.00, 4, 'ubit_peresmeshnika.jpg'),
('Унесённые ветром', 'Маргарет Митчелл', 1, 500.00, 50.00, 4, 'unes_vetrom.jpg'),
('Гордость и предубеждение', 'Джейн Остин', 1, 450.00, 45.00, 7, 'gord_i_predub.jpg'),
('Завет воды', 'Абрахам Вергезе', 1, 600.00, 60.00, 11, 'zavet_vody.jpg'),
('Мастер и Маргарита', 'Михаил Булгаков', 2, 600.00, 60.00, 2, 'mast_i_marg.jpg'),
('Гарри Поттер и философский камень', 'Джоан Роулинг', 2, 700.00, 70.00, 6, 'garry_potter.jpg'),
('Алиса в Стране чудес', 'Льюис Кэрролл', 2, 300.00, 30.00, 7, 'alisa.jpg'),
('Властелин Колец', 'Дж.Р.Р. Толкин', 2, 600.00, 60.00, 5, 'vlast_kolec.jpg'),
('Пикник на обочине', 'Б. Н. Стругацкий, А.Н. Стругацкий', 2, 420.00, 42.00, 10, 'piknik_na_obochine.jpg'),
('Полуночная библиотека', 'Мэтт Хейг', 2, 300.00, 30.00, 14, 'polynoch_bibl.jpg'),
('Институт', 'Стивен Кинг', 3, 400.00, 40.00, 6, 'institut.jpg'),
('1984', 'Джордж Оруэлл', 3, 350.00, 35.00, 4, '1984.jpg'),
('Порченая кровь', 'Вадим Панов', 3, 250.00, 25.00, 7, 'porch_krov.jpg'),
('Три мушкетера', 'Александр Дюма', 4, 450.00, 45.00, 3, '3_mushketera.jpg'),
('Старик и море', 'Эрнест Хемингуэй', 4, 800.00, 80.00, 9, 'staric_i_more.jpg'),
('Маленький принц', 'Антуан де Сент-Экзюпери', 5, 250.00, 25.00, 10, 'mal_prince.jpg'),
('Снежная королева', 'Ханс Кристиан Андерсен', 5, 480.00, 48.00, 5, 'sneznaya.jpg'),
('Сто лет одиночества', 'Габриэль Гарсиа Маркес', 6, 550.00, 55.00, 2, '100_let_odin.jpg'),
('Антихрупкость', 'Нассим Талеб', 7, 500.00, 50.00, 9, 'antihrupk.jpg'),
('Космос', 'Карл Саган', 7, 400.00, 40.00, 3, 'kosmos.jpg'),
('История упадка Римской империи', 'Эдвард Гиббон', 8, 700.00, 70.00, 3, 'istoria.png'),
('Глазастая, ушастая беда', 'Дарья Донцова', 9, 300.00, 30.00, 8, 'glaz_ushast.jpg'),
('Приключения Шерлока Холмса', 'Артур Конан Дойл', 9, 400.00, 40.00, 3, 'sherlok.jpg'),
('Евгений Онегин', 'А.С. Пушкин', 10, 200.00, 20.00, 8, 'onegin.jpg');

-- Заполнение таблицы Orders
INSERT INTO Orders (customer_id, order_date, status_id, pickup_time) VALUES
(1, '2023-10-01 10:00:00', 1, '2023-10-01 12:00:00'),
(2, '2023-10-02 11:00:00', 2, '2023-10-02 13:00:00'),
(3, '2023-10-03 09:00:00', 3, '2023-10-03 11:00:00'),
(4, '2023-10-04 14:00:00', 4, '2023-10-04 16:00:00'),
(5, '2023-10-05 15:00:00', 5, '2023-10-05 17:00:00'),
(6, '2023-10-06 10:30:00', 1, '2023-10-06 12:30:00'),
(7, '2023-10-07 11:30:00', 2, '2023-10-07 13:30:00'),
(8, '2023-10-08 09:30:00', 3, '2023-10-08 11:30:00'),
(9, '2023-10-09 14:30:00', 4, '2023-10-09 16:30:00'),
(10, '2023-10-10 15:30:00', 5, '2023-10-10 17:30:00');

-- Заполнение таблицы OrderDetails
INSERT INTO Order_Details (order_id, product_id, quantity, unit_price) VALUES
(1, 1, 2, 50.00),
(1, 3, 1, 800.00),
(2, 2, 1, 60.00),
(2, 4, 1, 750.00),
(3, 5, 3, 120.00),
(3, 6, 2, 100.00),
(4, 7, 4, 70.00),
(4, 8, 5, 40.00),
(5, 9, 1, 150.00),
(5, 10, 2, 160.00),
(6, 11, 1, 140.00),
(6, 12, 2, 180.00),
(7, 13, 1, 170.00),
(7, 14, 2, 190.00),
(8, 15, 1, 200.00),
(8, 16, 2, 210.00),
(9, 17, 1, 220.00),
(9, 18, 2, 230.00),
(10, 19, 1, 240.00),
(10, 20, 2, 250.00);
